"city","shap__city","shap__room_type","shap__bedrooms","shap__accommodates","shap__host_total_listings_count","shap__longitude","shap__latitude","shap__has_ac","shap__minimum_nights","shap__has_response_rate","shap__n_amenities","shap__has_acceptance_rate","shap__reviews_por_mes_activo","shap__has_dishwasher","shap__total_reviews","pred_log"
"Bangkok",0.00945344136272486,-0.0171967504157225,-0.0252900010767737,-0.0206518845513374,0.00883438553119441,0.00129737127154835,-0.00700298536543974,0.0737124437476664,-3.1696266657378e-05,0.00350155786656208,0.000943379546760175,0.00393895807085924,0.00723943168364996,-0.0132712208513865,0.0054974437672422,0.0827231074773331
"Cape Town",0.0300763666185314,0.027108490961251,0.129891281540466,0.0430436932945122,0.00723497945581332,-0.134720858321983,0.0182775495795711,-0.0373046982507863,0.0154239832198037,-0.0150050920776036,0.00899896523263409,-0.0141800583776257,0.00943474815784854,0.0109647685987736,0.00187069392026446,0.152864046707913
"Hong Kong",0.297121994493319,-0.0942690975168505,-0.0393975996476034,-0.0937273138638666,0.0175404246866139,-0.0324513167117148,0.0209719110197406,0.0690837622275445,-0.0437473995194985,-0.0370845490909595,-0.0163010451163516,-0.0163436721946006,0.00184570446218963,-0.00855714016439107,-0.00237555264532421,0.0740583435746899
"Istanbul",0.0380993670649078,-0.0475042901205752,0.00215690863013518,-0.0312416436616545,0.00641289310747006,-0.0561952849937867,0.0128517231289167,0.0085360974698531,0.0187733083897714,-0.0134841720949753,0.00433274862433745,-2.44261395624454e-05,0.0170297965843654,0.00425681146256114,0.00767840675767737,0.0234274773658841
"Mexico City",0.00915170011019886,-0.046297034904342,0.0114405492834245,-0.049804943767877,0.00387688706756525,0.208502929083306,-0.0237861632268501,-0.0752851543756346,0.0101900931782854,-0.0185362357998505,0.00138757688305206,-0.0185553210166199,-0.0100417687759153,-0.0143455713176733,-0.00345883019688715,0.0361879453806246
"New York",0.0314105790748866,-0.0393627537477655,-0.0198929456730765,-0.067721348735803,-0.000276916844526523,0.0401450225634864,0.0170679777336254,0.0477354635561807,-0.0593666399121569,0.00295923991522123,0.00145474202838735,-0.000336180297199213,-0.00591103482980638,0.0017727404572223,-0.00251084938482487,-0.00108367093970627
"Paris",0.0147866277122265,0.0696610844716549,-0.0221466935107605,-0.0178487781216938,-0.0146791814837245,-0.028162224758675,0.0433078894160095,-0.0615365532247115,0.00598107860245722,0.00614036342451196,-0.00751210698712689,0.00968673571554071,-0.00509687914697526,0.00464611807800791,-0.00159256041233146,0.0473841529308523
"Rio de Janeiro",-0.0617281950638972,0.00696594098632921,0.0720413959140511,0.055286826682866,0.00124753108703148,-0.0203765990877445,-0.0673331463250931,0.0422972142906797,0.0109737452470432,-0.0215813507216165,0.000846872423106764,-0.00695910565152559,0.0208842782577847,-0.0173790283134291,0.00677003590593954,0.0737056487879683
"Rome",-0.0689879286522569,0.0090385535115286,0.0194517945105803,0.031712178794722,0.0149893846992762,-0.0567645599200775,0.00159210328494794,0.0366964252459822,0.0170439027391904,-0.00542867439077579,0.00297832032744266,-0.0107858595702434,-0.0133335262669115,0.00406977398210406,-0.00628760212633953,0.0277335193256123
"Sydney",-0.0444631535696872,-0.0172376069552556,0.0575755435807571,-0.0257247199723939,-0.00128248988717791,0.0224745072909994,-0.0156797427990343,-0.00549919473519356,0.00560645632583505,0.00436505087462113,0.00327451774499739,0.0140782867047817,-0.000335659277775554,0.00878933767141443,0.00445665112100714,0.062147017274338
