"city","q_inf","q_sup"
"Bangkok",-0.330259631885451,0.309422973977166
"Cape Town",-0.290246090275364,0.263933691758922
"Hong Kong",-0.291371877466291,0.218400904987518
"Istanbul",-0.354198525524978,0.307293936544517
"Mexico City",-0.285956902591471,0.238879785102021
"New York",-0.248315039718486,0.231553729467405
"Paris",-0.243813142180443,0.21218350417887
"Rio de Janeiro",-0.353007296808587,0.29874285824833
"Rome",-0.272478139789767,0.240963763482928
"Sydney",-0.281822081381898,0.234390488897818
