"city","mediana_local","mediana_eur","moneda","tipo_cambio_implicito"
"Bangkok",1051,27.3285142233085,"THB",0.0260023922200842
"Cape Town",1001,53.5623511785322,"ZAR",0.0535088423361961
"Hong Kong",380,41.8096998503653,"HKD",0.110025525922014
"Istanbul",250,4.46709360169249,"TRY",0.01786837440677
"Mexico City",650,32.9567809844444,"MXN",0.0507027399760683
"New York",98,84.5119006553984,"USD",0.862366333218351
"Paris",80,80,"EUR",1
"Rio de Janeiro",265,44.187287400787,"BRL",0.166744480757687
"Rome",65,65,"EUR",1
"Sydney",120,74.1152492125255,"AUD",0.617627076771046
